{
	"camera_settings_1": {
		"dxy": 0.065,
		"magnification": 100,
		"na_excitation": 1.3,
		"na_detection": 1.3,
		"ni": 1.5,
		"otf_calibration": {
			"fit_params": [
				2.446021509201081
			],
			"fmax": 3.8235294117647056,
			"na": 1.3,
			"wavelength": 0.68,
			"model": "1 / (1 + (f / fmax * fit_params[0]) ** 2) * circ_aperture_otf(f, 0, na, 2 * na / fmax)",
			"processing_time_stamp": "2020_05_19;00;00;00",
			"file_name": "",
			"data_time_stamp": "2020_05_19;00;00;00"
		},
		"dmd_affine_transforms": {
			"blue": [
				[
					-0.9911149452156005,
					-0.9814845244656207,
					2555.0969397592057
				],
				[
					-0.9142284260365764,
					0.9212896657108716,
					1356.431322027189
				],
				[
					0.0,
					0.0,
					1.0
				]
			],
			"red": [
				[
					-0.9921926507631796,
					-0.9814456623263657,
					2556.271779905179
				],
				[
					-0.9143118422332878,
					0.9214927232217005,
					1356.5451129181865
				],
				[
					0.0,
					0.0,
					1.0
				]
			],
			"green": [
				[
					-0.9914095125592167,
					-0.9815817024088562,
					2555.7114429101052
				],
				[
					-0.9141348830139717,
					0.9214099511158977,
					1356.2034133398222
				],
				[
					0.0,
					0.0,
					1.0
				]
			],
			"transform_direction": "dmd to camera",
			"processing_time_stamp": "2022_06_10_09;46;51",
			"file_name": "D:\\2021_04_13\\affine_cal\\affine_cal_MMStack.ome.tif",
			"data_time_stamp": "2021_04_13;12;49;02"
		}
	},
	"camera_settings_2": {
		"dxy": 0.10833333333333334,
		"magnification": 60,
		"na_excitation": 1.3,
		"na_detection": 1,
		"ni": 1.333
	},
	"camera_affine_transforms": {
		"xform": [
			[
				0.02128771242156937,
				0.6405930215478381,
				-52.24452350016293
			],
			[
				-0.6406303746263545,
				0.022508896026105032,
				1185.2516716096547
			],
			[
				0.0,
				0.0,
				1.0
			]
		],
		"units": "pixels",
		"transform_direction": "SIM to ODT",
		"processing_time_stamp": "2022_09_08_11;45;05",
		"file_name": "G:\\2022_09_07\\02_fluorescence_affine_ref\\2022_09_08_11;45;05_affine_xform.json",
		"data_time_stamp": ""
	},
	"timestamp": "2023_09_19_11;41;44",
	"sim_odt_program_defaults": {
		"sx": 801,
		"cx": 1024,
		"sy": 511,
		"cy": 1024,
		"odt_exposure_ms": 0.1,
		"sim_exposure_ms": 100.0,
		"odt_frametime_ms": 0.106,
		"daq_dt_us": 3,
		"sim_warmup_time_ms": 200.0,
		"odt_warmup_time_ms": 1000.0,
		"shutter_delay_ms": 50,
		"sim_readout_time_ms": 10
	},
	"camera_settings_phantom": {
		"dxy": 0.1,
		"magnification": 180,
		"na_excitation": 1.3,
		"na_detection": 1.0,
		"ni": 1.333,
		"otf_calibration": null,
		"dmd_affine_transforms": null
	},
	"excitation_wavelengths": {
		"red": 0.635,
		"green": 0.532,
		"blue": 0.465,
		"odt": 0.785
	}
}